{"0": {"Q1": 0.0, "Q3": 0.0, "Median": 0.0, "Upper Outliers": {"enawen\u00e9-naw\u00e9": 2.9116901587538613, "basa": 2.7867514221455614, "oriya": 2.450249108319361, "afar": 2.1702617153949575, "fon": 2.1702617153949575, "samoan": 2.130333768495006, "kanuri": 1.8692317197309762, "batak": 1.7853298350107671, "chin": 1.7781512503836436, "chokwe": 1.7708520116421442, "kimbundu": 1.7708520116421442, "chhattisgarhi": 1.7558748556724915, "magahi": 1.7558748556724915, "bemba": 1.7481880270062005, "kabuverdianu": 1.7323937598229686, "umbundu": 1.724275869600789, "kamba": 1.6812412373755872, "quichua": 1.6812412373755872, "tamazight": 1.6812412373755872, "tamasheq": 1.662757831681574, "tonga": 1.6532125137753437, "nuer": 1.6434526764861874, "dari": 1.6334684555795864, "motu": 1.6127838567197355, "marshallese": 1.6020599913279623, "manobo": 1.5563025007672873, "luba-katanga": 1.4913616938342726, "gronings": 1.4771212547196624, "luri": 1.4771212547196624, "avestan": 1.462397997898956, "isoko": 1.462397997898956, "pijin": 1.4471580313422192, "tetela": 1.4471580313422192, "ndebele": 1.4313637641589874, "pohnpeian": 1.4313637641589874, "hiligaynon": 1.3979400086720377, "tiv": 1.3979400086720377, "zande": 1.3979400086720377, "bodo": 1.380211241711606, "naga": 1.380211241711606, "chuukese": 1.3424226808222062, "morisyen": 1.3424226808222062, "yapese": 1.3424226808222062, "mixtec": 1.3010299956639813, "otomi": 1.2787536009528289, "wolaytta": 1.2787536009528289, "baoul\u00e9": 1.255272505103306, "tzotzil": 1.255272505103306, "kaqchikel": 1.2304489213782739, "wayuu": 1.2304489213782739, "amuzgo": 1.2041199826559248, "coptic": 1.2041199826559248, "epena": 1.2041199826559248, "ga": 1.2041199826559248, "gun": 1.2041199826559248, "kriol": 1.2041199826559248, "kuna": 1.2041199826559248, "lahu": 1.2041199826559248, "mam": 1.2041199826559248, "mazahua": 1.2041199826559248, "ainu": 1.1760912590556813, "akha": 1.1760912590556813, "alur": 1.1760912590556813, "ambulas": 1.1760912590556813, "ash\u00e1ninka": 1.1760912590556813, "awa-cuaiquer": 1.1760912590556813, "balochi": 1.1760912590556813, "banggai": 1.1760912590556813, "bimoba": 1.1760912590556813, "boko": 1.1760912590556813, "bokobaru": 1.1760912590556813, "bru": 1.1760912590556813, "bukiyip": 1.1760912590556813, "bulu": 1.1760912590556813, "chol": 1.1760912590556813, "chopi": 1.1760912590556813, "chuj": 1.1760912590556813, "dadibi": 1.1760912590556813, "dawro": 1.1760912590556813, "ditammari": 1.1760912590556813, "efik": 1.1760912590556813, "ember\u00e1": 1.1760912590556813, "garhwali": 1.1760912590556813, "garifuna": 1.1760912590556813, "gofa": 1.1760912590556813, "guahibo": 1.1760912590556813, "guajaj\u00e1ra": 1.1760912590556813, "gulay": 1.1760912590556813, "huastec": 1.1760912590556813, "huli": 1.1760912590556813, "iban": 1.1760912590556813, "inga": 1.1760912590556813, "iu mien": 1.1760912590556813, "izii": 1.1760912590556813, "kadazan": 1.1760912590556813, "kallahan": 1.1760912590556813, "karen": 1.1760912590556813, "khakas": 1.1760912590556813, "khasi": 1.1760912590556813, "kinaray-a": 1.1760912590556813, "kituba": 1.1760912590556813, "kok borok": 1.1760912590556813, "kosraean": 1.1760912590556813, "krio": 1.1760912590556813, "kuanua": 1.1760912590556813, "kumyk": 1.1760912590556813, "lango": 1.1760912590556813, "makasar": 1.1760912590556813, "makhuwa-meetto": 1.1760912590556813, "manggarai": 1.1760912590556813, "mapudungun": 1.1760912590556813, "maranao": 1.1760912590556813, "masbatenyo": 1.1760912590556813, "mutu": 1.1760912590556813, "m\u00edskito": 1.1760912590556813, "nande": 1.1760912590556813, "nandi": 1.1760912590556813, "ngaju": 1.1760912590556813, "ng\u00e4bere": 1.1760912590556813, "nogai": 1.1760912590556813, "nyungwe": 1.1760912590556813, "obolo": 1.1760912590556813, "palauan": 1.1760912590556813, "rawa": 1.1760912590556813, "sangir": 1.1760912590556813, "saramaccan": 1.1760912590556813, "sena": 1.1760912590556813, "shipibo-conibo": 1.1760912590556813, "shuar": 1.1760912590556813, "simte": 1.1760912590556813, "sunwar": 1.1760912590556813, "susu": 1.1760912590556813, "sylheti": 1.1760912590556813, "syriac": 1.1760912590556813, "tamang": 1.1760912590556813, "tausug": 1.1760912590556813, "termanu": 1.1760912590556813, "ticuna": 1.1760912590556813, "tojolabal": 1.1760912590556813, "tswa": 1.1760912590556813, "tzeltal": 1.1760912590556813, "uma": 1.1760912590556813, "umbu-ungu": 1.1760912590556813, "woun meu": 1.1760912590556813, "zarma": 1.1760912590556813, "betawi": 1.146128035678238, "brazilian sign language": 1.146128035678238, "dombe": 1.146128035678238, "enga": 1.146128035678238, "fipa": 1.146128035678238, "hassaniyya": 1.146128035678238, "ibibio": 1.146128035678238, "kanauji": 1.146128035678238, "khmu": 1.146128035678238, "lozi": 1.146128035678238, "melanau": 1.146128035678238, "mewari": 1.146128035678238, "nimadi": 1.146128035678238, "nung": 1.146128035678238, "rakhine": 1.146128035678238, "surjapuri": 1.146128035678238, "takestani": 1.146128035678238, "t\u00e0y": 1.146128035678238, "luvale": 1.1139433523068367, "kaonde": 1.0791812460476249, "american sign language": 1.0, "chinantec": 1.0, "ruund": 1.0, "biangai": 0.9542425094393249, "wallisian": 0.9542425094393249, "dogri": 0.9030899869919435, "muna": 0.8450980400142568, "nasal": 0.8450980400142568, "comorian": 0.7781512503836436, "lunda": 0.7781512503836436, "mazatec": 0.7781512503836436, "ndonga": 0.7781512503836436, "nyaneka": 0.7781512503836436, "allar": 0.6989700043360189, "dargwa": 0.6989700043360189, "herero": 0.6989700043360189, "mixe": 0.6989700043360189, "totonac": 0.6989700043360189, "agta": 0.6020599913279624, "argentine sign language": 0.6020599913279624, "ash\u00e9ninka": 0.6020599913279624, "chatino": 0.6020599913279624, "colombian sign language": 0.6020599913279624, "ifugao": 0.6020599913279624, "kwangali": 0.6020599913279624, "montenegrin": 0.6020599913279624, "nuosu": 0.6020599913279624, "ambae": 0.47712125471966244, "chilean sign language": 0.47712125471966244, "chontal": 0.47712125471966244, "finnish sign language": 0.47712125471966244, "gbaya": 0.47712125471966244, "hunsrik": 0.47712125471966244, "mexican sign language": 0.47712125471966244, "nhengatu": 0.47712125471966244, "ojibwa": 0.47712125471966244, "peruvian sign language": 0.47712125471966244, "sa": 0.47712125471966244, "spanish sign language": 0.47712125471966244, "tepehua": 0.47712125471966244, "tetun dili": 0.47712125471966244, "assyrian neo-aramaic": 0.3010299956639812, "baluchi": 0.3010299956639812, "bidayuh": 0.3010299956639812, "bisu": 0.3010299956639812, "blaan": 0.3010299956639812, "bontok": 0.3010299956639812, "bribri": 0.3010299956639812, "buang": 0.3010299956639812, "cacua": 0.3010299956639812, "cams\u00e1": 0.3010299956639812, "carrier": 0.3010299956639812, "chorote": 0.3010299956639812, "cora": 0.3010299956639812, "cuicatec": 0.3010299956639812, "dong": 0.3010299956639812, "ese": 0.3010299956639812, "hanga": 0.3010299956639812, "huichol": 0.3010299956639812, "inupiatun": 0.3010299956639812, "jarai": 0.3010299956639812, "kaili": 0.3010299956639812, "kalinga": 0.3010299956639812, "kamwe": 0.3010299956639812, "kewa": 0.3010299956639812, "krumen": 0.3010299956639812, "lule": 0.3010299956639812, "malasar": 0.3010299956639812, "mambila": 0.3010299956639812, "mayo": 0.3010299956639812, "mende": 0.3010299956639812, "murut": 0.3010299956639812, "narom": 0.3010299956639812, "popoloca": 0.3010299956639812, "purepecha": 0.3010299956639812, "p\u00e1ez": 0.3010299956639812, "sambal": 0.3010299956639812, "subanen": 0.3010299956639812, "tagbanwa": 0.3010299956639812, "tairora": 0.3010299956639812, "tanna": 0.3010299956639812, "tarahumara": 0.3010299956639812, "tatuyo": 0.3010299956639812, "tepehuan": 0.3010299956639812, "triqui": 0.3010299956639812, "venezuelan sign language": 0.3010299956639812}, "Lower Outliers": {}}, "1": {"Q1": 0.0, "Q3": 1.2728833269904483, "Median": 0.47712125471966244, "Upper Outliers": {}, "Lower Outliers": {}}, "2": {"Q1": 1.6579315428827275,